{
    "results": {
        "tool": {
            "name": "pytest",
            "version": "8.4.1"
        },
        "summary": {
            "tests": 1,
            "passed": 1,
            "failed": 0,
            "skipped": 0,
            "pending": 0,
            "other": 0,
            "start": 1783271399.8501866,
            "stop": 1783271399.8567083
        },
        "tests": [
            {
                "name": "test_outputs.py::test_outputs",
                "status": "passed",
                "duration": 0.0005060059999983935,
                "start": 1783271399.855881,
                "stop": 1783271399.856556,
                "retries": 0,
                "file_path": "test_outputs.py"
            }
        ]
    }
}